x,y,z,magnitude,time
-0.951,0.021,-0.076,0.954,0.09
-0.832,-0.057,-0.09,0.839,0.16
-1.17,0.074,0.002,1.172,0.23
-1.334,0.01,-0.047,1.335,0.3
-1.021,0.049,-0.035,1.023,0.37
-0.881,0.004,-0.063,0.883,0.44
-0.947,-0.008,-0.035,0.948,0.51
-1.016,0.072,-0.047,1.019,0.58
-0.963,0.053,-0.033,0.965,0.65
-0.832,0.025,0.016,0.833,0.72
-0.855,0.002,-0.098,0.861,0.79
-0.879,-0.002,-0.02,0.879,0.86
-1.125,-0.057,-0.061,1.128,0.94
-1.545,0.129,0.012,1.55,1.01
-2.137,0.086,0.076,2.14,1.08
-1.756,0.072,-0.16,1.765,1.15
-0.688,0.01,0.098,0.694,1.22
0.605,0.102,-0.018,0.614,1.29
0.355,-0.184,-0.273,0.485,1.36
-0.52,0.16,0.254,0.6,1.43
-2.035,0.082,-0.143,2.042,1.5
-1.826,-0.053,0.029,1.827,1.57
-1.463,0.115,0.211,1.483,1.64
-1.545,0.068,0.016,1.547,1.71
-1.662,-0.018,-0.027,1.662,1.78
-1.279,0.187,0.01,1.293,1.85
-0.607,0.033,-0.098,0.616,1.92
0.338,-0.047,0.002,0.341,1.99
0.52,-0.166,-0.236,0.594,2.06
-1.516,0.199,0.328,1.563,2.13
-1.408,-0.146,-0.152,1.424,2.2
-1.518,-0.178,-0.186,1.539,2.27
-1.506,0.256,0.641,1.656,2.34
-0.809,-0.057,0.016,0.811,2.41
-0.584,-0.084,-0.195,0.621,2.49
-0.727,0.115,0.094,0.742,2.55
-0.984,-0.029,-0.102,0.99,2.63
-0.998,-0.1,-0.004,1.003,2.7
-1.529,0.1,0.117,1.537,2.77
-2.135,-0.025,0.209,2.145,2.84
-2.143,0.031,0.193,2.152,2.91
-1.051,0.162,0.18,1.078,2.98
0.418,0.027,-0.289,0.509,3.05
0.813,-0.143,-0.459,0.944,3.12
-0.482,-0.061,0.199,0.525,3.19
-0.631,0.074,0.02,0.636,3.26
-1.904,0.131,0.283,1.93,3.33
-1.854,0.158,0.104,1.863,3.4
-1.68,-0.182,0.516,1.766,3.47
-0.479,0.021,-0.156,0.504,3.54
-0.123,-0.008,-0.084,0.149,3.61
-0.422,0.064,-0.105,0.44,3.68
-1.334,0.037,0.023,1.335,3.75
-1.322,0.01,0.225,1.341,3.82
-0.604,-0.059,-0.293,0.673,3.89
-1.437,0.098,0.121,1.446,3.96
-1.789,-0.055,0.076,1.792,4.03
-2.066,0.084,0.027,2.068,4.1
-1.754,0.023,0.1,1.757,4.17
-0.906,0.074,-0.027,0.91,4.24
0.461,0.191,-0.164,0.525,4.31
0.479,-0.471,-0.117,0.681,4.38
-0.584,0.092,0.189,0.621,4.45
-1.113,-0.113,-0.24,1.145,4.53
-1.775,0.057,0.049,1.777,4.59
-1.656,-0.082,0.26,1.679,4.67
-0.904,0.033,0.039,0.906,4.74
-0.555,-0.035,-0.391,0.679,4.81
-0.594,-0.018,-0.1,0.602,4.88
-1.09,0.059,-0.113,1.097,4.95
-1.854,0.197,0.141,1.869,5.02
-1.672,-0.049,-0.08,1.675,5.09
-0.871,-0.004,-0.113,0.878,5.16
-0.424,0.109,-0.133,0.457,5.23
-0.471,-0.014,-0.123,0.487,5.31
-0.666,-0.08,-0.164,0.691,5.38
-1.396,0.131,0.098,1.406,5.45
-2.545,-0.219,0.23,2.565,5.52
-2.068,0.34,-0.066,2.097,5.59
-0.619,0.215,0.344,0.74,5.66
0.791,-0.336,-0.234,0.891,5.73
0.168,-0.072,-0.191,0.265,5.8
-0.604,0.012,0.238,0.649,5.87
-0.957,-0.004,0.008,0.957,5.94
-2.729,0.172,0.521,2.783,6.01
-1.443,-0.15,0.055,1.452,6.08
-0.592,0.207,-0.104,0.635,6.15
-0.211,-0.105,0.035,0.238,6.22
-0.553,-0.021,-0.127,0.568,6.29
-1.354,-0.066,-0.051,1.356,6.37
-1.348,0.133,-0.018,1.354,6.44
-0.891,0.02,-0.051,0.892,6.51
-0.492,-0.066,-0.1,0.507,6.58
-0.609,-0.021,-0.035,0.611,6.65
-1.299,-0.031,-0.053,1.3,6.72
-1.582,0.047,0.008,1.583,6.79
-2.207,0.086,0.137,2.213,6.86
-1.939,0.074,0.02,1.941,6.93
-1.1,0.1,-0.066,1.106,7
0.221,-0.059,-0.018,0.229,7.07
0.947,-0.141,-0.504,1.082,7.14
-0.279,0.127,0.037,0.309,7.21
-0.818,0.174,-0.082,0.841,7.28
-2.639,-0.227,0.137,2.652,7.36
-1.596,0.291,0.312,1.652,7.43
-0.916,-0.131,-0.02,0.926,7.5
-0.396,0.109,-0.133,0.432,7.57
-0.463,0.105,-0.104,0.486,7.64
-1.102,0.029,-0.012,1.102,7.71
-1.471,-0.041,-0.082,1.474,7.78
-1.496,0.086,0.289,1.526,7.85
-0.834,-0.043,-0.178,0.854,7.92
-0.568,0.002,-0.09,0.575,7.99
-0.66,0.061,-0.176,0.686,8.06
-0.816,-0.004,-0.041,0.817,8.13
-1.564,0.053,0.213,1.58,8.2
-2.408,0.129,0.043,2.412,8.27
-2.104,0.01,0.137,2.108,8.34
-1.143,0.076,0.027,1.145,8.41
0.35,-0.076,-0.199,0.41,8.48
1.092,0.109,-1.297,1.699,8.55
-0.357,-0.074,0.312,0.481,8.63
-0.721,0.152,-0.365,0.822,8.69
-2.768,-0.119,0.08,2.771,8.77
-1.809,0.086,0.221,1.824,8.84
-0.947,-0.082,0.049,0.952,8.91
-0.291,0.008,-0.129,0.318,8.98
-0.25,0.016,-0.016,0.251,9.05
-1.412,0.111,-0.037,1.417,9.12
-1.627,-0.037,-0.037,1.628,9.19
-0.814,0.109,0.191,0.844,9.26
-0.412,-0.041,-0.102,0.426,9.33
-1.082,-0.072,-0.092,1.088,9.4
-1.367,0.158,0.133,1.383,9.47
-0.563,0.096,-0.033,0.572,9.54
-0.381,-0.094,-0.359,0.532,9.61
-2.271,-0.311,-0.004,2.293,9.69
-2.289,0.469,0.064,2.337,9.76
-1.473,-0.047,0.098,1.477,9.83
0.285,-0.131,-0.357,0.476,9.9
1.131,0.172,-0.938,1.479,9.97
-0.389,-0.029,0.148,0.417,10.04
-1.008,-0.135,-0.223,1.041,10.11
-2.332,-0.074,0.02,2.333,10.18
-1.311,-0.191,-0.148,1.333,10.26
-0.973,-0.18,-0.105,0.995,10.33
-0.244,0.115,-0.469,0.541,10.4
-0.666,0.031,-0.049,0.669,10.47
-1.783,0.012,0.066,1.784,10.54
-1.148,0.162,0.049,1.161,10.61
-0.535,-0.059,-0.156,0.561,10.69
-0.857,-0.029,-0.115,0.866,10.76
-1.033,-0.004,-0.063,1.035,10.83
-0.771,0.189,-0.006,0.794,10.9
-0.982,-0.082,-0.229,1.012,10.98
-1.578,-0.113,0.006,1.582,11.05
-1.82,-0.031,0.092,1.823,11.12
-2.031,-0.312,-0.006,2.055,11.19
-1.17,0.465,-0.104,1.263,11.27
0.135,0.094,-0.158,0.228,11.34
0.834,-0.285,-0.381,0.96,11.41
-0.32,0.184,-0.018,0.37,11.48
-1.943,0.146,0.068,1.95,11.55
-2.85,-0.172,0.238,2.865,11.62
-1.391,0.303,0.316,1.458,11.69
-0.631,-0.15,-0.189,0.676,11.77
-0.086,0.02,-0.357,0.368,11.84
-1.465,0.166,0.059,1.475,11.91
-1.418,0.039,-0.123,1.424,11.98
-0.75,-0.023,0.002,0.75,12.05
-0.867,0,-0.086,0.871,12.12
-1.164,0.068,0.074,1.168,12.19
-1.02,0.021,0.041,1.021,12.26
-0.906,0.066,-0.01,0.909,12.34
-0.994,-0.061,-0.102,1.001,12.41
-1.15,-0.148,-0.084,1.163,12.48
-0.641,0.09,0.037,0.648,12.55
-0.537,0.031,0.004,0.538,12.62
-2.848,-0.064,0.719,2.938,12.69
-2.027,0.42,-0.135,2.075,12.77
-0.934,-0.131,0.439,1.04,12.84
0.705,-0.125,-0.365,0.804,12.91
0.303,0.074,0.389,0.498,12.98
-0.797,0.057,0.266,0.842,13.05
-0.6,-0.045,-0.285,0.665,13.12
-3.281,0.41,-0.393,3.33,13.19
-1.559,-0.002,0.184,1.569,13.27
-0.48,-0.178,-0.199,0.55,13.34
-0.148,0.035,-0.18,0.236,13.41
-0.764,0.066,-0.063,0.769,13.48
-2.045,-0.059,0.059,2.047,13.56
-1.193,0.008,0.043,1.194,13.63
-0.486,0,-0.041,0.488,13.7
-0.807,0,-0.123,0.816,13.77
-1.037,0.008,-0.098,1.042,13.84
-0.674,0.012,-0.029,0.675,13.91
-0.521,-0.066,-0.152,0.547,13.98
-2.355,0.02,0.258,2.37,14.06
-2.498,0,-0.037,2.498,14.13
-1.809,0.217,-0.236,1.837,14.2
-0.568,-0.08,0.113,0.585,14.27
0.703,-0.182,-0.068,0.729,14.34
0.152,0.127,0.205,0.285,14.41
-0.754,0.02,0.215,0.784,14.48
-1.234,-0.031,-0.371,1.289,14.56
-2.9,0.326,0.432,2.95,14.63
-1.404,-0.002,0.107,1.408,14.7
-0.559,-0.01,-0.096,0.567,14.77
-0.254,0.086,-0.086,0.281,14.84
-0.703,0.035,-0.064,0.707,14.92
-1.535,-0.092,0.023,1.538,14.99
-1.207,0.143,0.01,1.215,15.06
-0.826,-0.041,0.119,0.836,15.13
-0.697,-0.043,-0.18,0.721,15.2
-0.996,0.189,-0.162,1.027,15.27
-0.693,0.008,0.09,0.699,15.35
-1.277,0.016,-0.047,1.278,15.42
-2.432,-0.033,-0.059,2.433,15.49
-2.039,0.09,0.131,2.045,15.56
-1.283,-0.025,-0.26,1.309,15.63
0.533,0.119,0.018,0.547,15.7
0.605,-0.068,0.021,0.61,15.77
-0.648,-0.115,0.123,0.67,15.85
-0.67,0.219,-0.4,0.811,15.92
-2.49,-0.117,-0.285,2.509,15.99
-1.701,-0.021,0.131,1.706,16.06
-0.83,-0.154,-0.002,0.844,16.13
-0.088,0.051,-0.201,0.225,16.21
-1.043,0.123,-0.162,1.063,16.28
-1.543,-0.18,-0.027,1.554,16.35
-0.73,-0.016,-0.008,0.731,16.42
-0.645,0.029,-0.107,0.654,16.5
-1.336,-0.037,0.014,1.337,16.57
-1.113,-0.041,-0.008,1.114,16.64
-0.529,0.023,-0.096,0.538,16.71
-0.916,-0.08,-0.186,0.938,16.78
-1.623,-0.166,0.025,1.632,16.86
-2.332,0.107,0.242,2.347,16.93
-1.996,-0.201,-0.174,2.014,17
-0.777,0.08,0.221,0.812,17.07
0.627,0.186,-0.055,0.656,17.14
0.506,-0.096,-0.018,0.515,17.21
-0.902,0.154,0.328,0.972,17.28
-1.043,-0.002,-0.031,1.043,17.36
-2.51,0.086,-0.096,2.513,17.43
-1.551,-0.066,0.059,1.553,17.5
-0.705,0.008,-0.037,0.706,17.57
-0.186,-0.002,-0.025,0.187,17.64
-0.365,0.023,-0.16,0.399,17.72
-2.059,-0.016,0.459,2.109,17.79
-1.17,0.012,0.186,1.185,17.86
-0.254,-0.043,-0.287,0.386,17.93
-0.828,0.016,-0.117,0.837,18
-1.037,-0.037,-0.221,1.061,18.08
-0.723,0.115,-0.152,0.747,18.15
-1.285,-0.002,-0.012,1.285,18.22
-2.148,0.029,0.051,2.149,18.29
-2.195,0.18,0.023,2.203,18.36
-1.545,-0.016,0.037,1.545,18.43
0.24,0.051,-0.254,0.353,18.5
1.119,-0.191,-0.693,1.33,18.58
-0.426,0.076,0.084,0.441,18.65
-0.469,0.02,0.143,0.49,18.72
-2.209,-0.033,-0.17,2.216,18.79
-2.434,0.236,0.549,2.506,18.86
-1.084,-0.154,-0.074,1.097,18.93
-0.236,0.197,0.037,0.31,19
-0.227,-0.027,-0.166,0.282,19.08
-1.023,-0.004,-0.105,1.029,19.15
-1.463,0.107,-0.027,1.467,19.22
-1.037,0.117,0.637,1.223,19.29
-0.195,0.113,-0.693,0.729,19.36
-0.74,-0.148,0.039,0.756,19.44
-1.451,0.07,-0.004,1.453,19.51
-2.07,0.447,-0.09,2.12,19.58
-2.16,-0.074,-0.16,2.167,19.65
-1.277,-0.111,-0.119,1.288,19.72
0.076,0.105,0.096,0.162,19.79
1.16,-0.088,-0.594,1.306,19.87
-0.352,-0.135,-0.215,0.433,19.94
-0.814,0.297,0.029,0.867,20.01
-2.658,-0.205,-0.332,2.687,20.08
-1.607,0.186,0.141,1.624,20.15
-0.902,-0.055,-0.043,0.905,20.23
-0.174,-0.119,-0.291,0.359,20.3
-0.16,-0.002,-0.209,0.263,20.37
-2.758,0.391,-0.014,2.785,20.44
-0.959,-0.07,-0.109,0.968,20.52
-0.613,-0.092,-0.129,0.633,20.59
-1.67,0.082,-0.166,1.68,20.66
-2.014,0.535,-0.236,2.097,20.73
-2.23,0.008,-0.162,2.236,20.8
-1.404,-0.197,-0.006,1.418,20.88
0.164,0.117,-0.352,0.405,20.95
1.076,-0.092,-0.555,1.214,21.02
-0.326,-0.027,0.02,0.328,21.09
-0.4,0.135,0.174,0.457,21.16
-3.775,0.262,-0.338,3.8,21.23
-1.707,-0.055,-0.447,1.766,21.31
-1.004,0.176,0.266,1.053,21.38
-0.295,-0.281,-0.166,0.44,21.45
-0.324,0.119,-0.176,0.388,21.52
-1.18,0.332,-0.18,1.239,21.59
-1.203,-0.119,0.096,1.213,21.67
-0.564,0.234,-0.236,0.655,21.74
-0.943,-0.047,-0.148,0.956,21.81
-0.746,-0.035,-0.041,0.748,21.88
-1.33,0.102,-0.047,1.335,21.95
-2.102,0.039,-0.1,2.104,22.03
-2.1,0.111,-0.012,2.103,22.1
-1.213,-0.162,-0.15,1.233,22.17
0.082,0.246,-0.008,0.26,22.24
1.031,-0.033,-0.732,1.265,22.31
-0.273,-0.143,-0.027,0.31,22.39
-1.078,0.01,0.016,1.078,22.46
-2.459,-0.238,0.193,2.478,22.53
-1.646,0.25,-0.033,1.666,22.6
-0.793,-0.129,0.076,0.807,22.67
-0.084,-0.209,-0.254,0.339,22.75
-0.973,0.008,-0.311,1.021,22.82
-1.391,0.221,0.078,1.41,22.89
-0.645,-0.039,0.102,0.654,22.96
-0.547,-0.127,-0.248,0.614,23.03
-1.281,-0.107,0.232,1.307,23.1
-1.789,0.197,-0.121,1.804,23.18
-2.156,0.143,0.326,2.185,23.25
-2.064,-0.096,-0.051,2.067,23.32
-0.908,0.164,0.207,0.946,23.39
0.48,-0.043,-0.217,0.529,23.46
0.457,-0.08,-0.238,0.522,23.53
-0.521,0.045,0.18,0.553,23.6
-1.506,0.271,-0.168,1.539,23.68
-3.363,-0.074,-0.342,3.381,23.75
-1.553,0.35,0.104,1.595,23.82
-0.734,-0.082,-0.025,0.739,23.89
-0.242,-0.088,-0.244,0.355,23.96
-0.707,0.082,-0.154,0.728,24.04
-1.354,0.088,0.01,1.356,24.11
-0.947,0.029,0.195,0.968,24.18
-0.578,0.012,-0.166,0.602,24.25
-1.055,-0.137,-0.092,1.067,24.32
-1.078,-0.096,-0.123,1.089,24.4
-1.148,0.25,0.074,1.178,24.47
-2.174,0.311,0.211,2.206,24.54
-2.004,-0.164,0.049,2.011,24.61
-1.178,-0.084,0.156,1.191,24.68
0.494,0.17,-0.785,0.943,24.75
0.939,-0.141,-0.762,1.218,24.82
-0.674,0.076,0.338,0.758,24.89
-0.668,0.008,-0.381,0.769,24.97
-2.916,0.285,0.467,2.967,25.04
-2.086,0.27,0.533,2.17,25.11
-1.09,-0.174,0.068,1.106,25.18
-0.127,-0.047,-0.334,0.36,25.25
-0.273,0.094,0.016,0.289,25.32
-1.732,-0.24,0.004,1.749,25.39
-1.131,-0.018,0.209,1.15,25.47
-0.453,0.133,-0.174,0.503,25.54
-0.615,0.055,0.145,0.634,25.61
-1.016,-0.137,-0.084,1.028,25.68
-2.053,-0.082,-0.18,2.062,25.75
-2.109,0.262,0.287,2.145,25.82
-1.381,-0.225,-0.092,1.402,25.9
0.074,0.24,-0.104,0.272,25.97
1.187,0.254,-0.619,1.363,26.04
-0.283,-0.006,-0.15,0.321,26.11
-0.707,-0.072,0.369,0.801,26.18
-3.502,-0.207,0.709,3.579,26.25
-2.068,-0.119,-0.049,2.072,26.33
-0.9,0.236,0.205,0.953,26.4
-0.23,-0.158,-0.301,0.411,26.47
-0.338,-0.162,-0.129,0.396,26.54
-0.959,0.193,-0.273,1.016,26.62
-1.057,0.01,0.104,1.062,26.69
-0.402,0.057,-0.266,0.485,26.76
-1.09,-0.277,-0.102,1.129,26.83
-2.621,0.477,0.123,2.667,26.9
-2.363,0.373,-0.117,2.395,26.97
-1.537,-0.266,-0.248,1.579,27.05
-0.471,0.355,0.168,0.613,27.12
1.072,0.113,-0.355,1.135,27.19
-0.016,-0.402,-0.299,0.501,27.26
-0.713,0.137,0.225,0.76,27.33
-2.744,0.16,-0.023,2.749,27.4
-2.449,0.396,-0.6,2.553,27.47
-1.471,-0.1,0.355,1.516,27.55
-0.391,-0.025,-0.459,0.603,27.62
-0.195,0.324,-0.318,0.495,27.69
-1.008,0.088,0.199,1.031,27.76
-1.535,-0.143,-0.32,1.575,27.83
-1.168,0.281,-0.01,1.201,27.91
-0.729,-0.012,-0.029,0.729,27.98
-0.467,-0.104,-0.197,0.517,28.05
-0.52,-0.031,-0.236,0.572,28.13
-2.791,0.266,1.014,2.981,28.2
-2.371,0.01,0.158,2.376,28.27
-0.834,0.17,-0.336,0.915,28.34
0.309,-0.082,-0.008,0.319,28.41
0.934,-0.176,-0.535,1.09,28.48
-0.5,0.242,0.213,0.595,28.55
-0.984,0.074,0.057,0.989,28.62
-3.258,0.033,-0.186,3.263,28.69
-1.199,0.467,0.324,1.327,28.77
-0.572,-0.264,-0.135,0.644,28.84
-0.066,-0.055,-0.221,0.237,28.91
-1.596,0.465,-0.168,1.67,28.98
-1.486,-0.178,-0.154,1.505,29.06
-0.631,0.023,0.029,0.632,29.13
-0.467,0.187,-0.254,0.563,29.2
-0.908,-0.066,-0.197,0.932,29.27
-0.93,0.082,-0.037,0.934,29.34
-2.504,-0.187,-0.074,2.512,29.42
-2.469,0.234,0.33,2.502,29.49
-1.463,0.09,-0.064,1.467,29.56
-0.119,0.137,0.113,0.214,29.63
1.189,0.014,-0.711,1.386,29.7
-0.205,0.029,-0.24,0.317,29.77
-0.836,-0.021,0.383,0.92,29.84
-2.16,-0.393,0.125,2.199,29.92
-1.965,0.465,-0.027,2.019,29.99
-1.102,-0.02,0.025,1.102,30.06
-0.359,-0.328,-0.287,0.565,30.13
-0.232,0.098,-0.105,0.273,30.2
-1.729,0.311,0.043,1.757,30.27
-1.488,-0.078,-0.221,1.507,30.35
-0.922,0.068,-0.133,0.934,30.42
-0.578,-0.012,-0.098,0.586,30.49
-0.611,-0.111,-0.15,0.639,30.56
-0.846,0.078,-0.4,0.939,30.64
-2.416,0.301,0.037,2.435,30.71
-2.256,-0.123,-0.389,2.292,30.78
-1.52,0.352,0.139,1.566,30.85
0.311,-0.082,-0.111,0.34,30.92
1.32,-0.307,-0.986,1.676,30.99
-0.477,0.135,0.334,0.597,31.06
-0.676,0.072,-0.043,0.681,31.14
-2.68,0.117,0.283,2.697,31.21
-1.771,0.258,-0.25,1.808,31.28
-0.977,-0.221,0.131,1.01,31.35
-0.104,-0.07,-0.137,0.185,31.42
-0.713,0.197,-0.076,0.744,31.5
-1.502,0.08,0.125,1.509,31.56
-1.068,-0.143,0.193,1.095,31.64
-0.705,0.037,-0.004,0.706,31.71
-1.256,-0.02,-0.066,1.258,31.78
-0.85,0.018,-0.094,0.855,31.85
-0.187,-0.033,0.012,0.191,31.93
-4,-0.209,0.043,4.006,32
-2.437,0.219,0.449,2.488,32.07
-1.518,-0.043,0.191,1.53,32.14
0.316,0.027,-0.332,0.459,32.21
1.002,0.189,-0.744,1.262,32.28
-0.645,-0.063,0.053,0.65,32.35
-0.393,-0.141,0.004,0.417,32.42
-2.936,-0.016,0.281,2.949,32.5
-2.549,0.256,-0.098,2.563,32.57
-1.27,-0.248,0.072,1.296,32.64
-0.322,0.063,-0.076,0.337,32.71
-0.037,0.07,-0.121,0.145,32.78
-0.865,0.074,-0.018,0.869,32.86
-1.76,-0.072,0.027,1.761,32.93
-1.176,0.201,0.141,1.201,33
-0.33,-0.039,-0.137,0.359,33.07
-0.121,-0.068,-0.219,0.259,33.14
-0.834,-0.176,-0.168,0.869,33.22
-2.436,0.361,0.156,2.467,33.29
-2.598,-0.25,-0.262,2.623,33.36
-1.289,0.055,-0.293,1.323,33.43
0.238,0.496,-0.094,0.558,33.5
1.342,-0.58,-0.447,1.529,33.57
-0.59,-0.105,0.201,0.632,33.65
-0.682,0.395,0.135,0.799,33.72
-1.822,0.086,-0.621,1.927,33.79
-2.352,-0.432,-0.732,2.501,33.86
-1.131,0.043,0.033,1.132,33.93
-0.078,0.129,-0.311,0.345,34
-0.109,-0.074,-0.045,0.14,34.08
-1.072,0.084,-0.014,1.076,34.15
-1.525,0.223,-0.1,1.545,34.22
-1.107,-0.227,0.32,1.175,34.29
-0.115,0.08,-0.5,0.519,34.36
-0.711,0.016,-0.049,0.713,34.44
-1.492,-0.117,0.26,1.519,34.51
-2.467,-0.258,-0.441,2.519,34.58
-1.967,0.537,0.07,2.04,34.65
-0.783,-0.029,0.059,0.786,34.72
0.795,-0.324,-0.09,0.863,34.79
0.277,-0.043,0.348,0.447,34.87
-0.744,0.346,0.424,0.924,34.94
-0.73,0.061,-0.609,0.953,35.01
-3.924,-0.244,0.559,3.971,35.08
-1.512,0.453,0.285,1.604,35.15
-0.771,0.055,-0.119,0.783,35.22
-0.191,-0.172,-0.219,0.338,35.29
-0.379,-0.057,-0.068,0.389,35.37
-1.797,0.115,-0.006,1.801,35.44
-1.316,0.051,-0.225,1.336,35.51
-0.631,-0.107,-0.057,0.642,35.58
-0.414,-0.027,-0.096,0.426,35.66
-0.459,0.016,-0.205,0.503,35.73
-1.619,0.111,0.172,1.632,35.8
-2.605,0.07,0.613,2.678,35.87
-2.426,0.1,-0.088,2.429,35.94
-1.334,0.389,0,1.389,36.01
0.275,-0.074,-0.262,0.387,36.08
0.977,-0.344,-0.887,1.363,36.15
-0.588,0.236,0.467,0.787,36.23
-0.42,-0.008,0.053,0.423,36.3
-3.48,-0.203,-0.475,3.519,36.37
-1.674,0.393,-0.275,1.741,36.44
-1.119,-0.25,0.248,1.173,36.51
-0.348,-0.037,-0.289,0.454,36.59
-0.279,0.025,-0.215,0.353,36.66
-2.451,0.139,0.266,2.469,36.73
-1.273,-0.139,0.078,1.283,36.8
-0.594,0.082,-0.066,0.603,36.87
-0.393,0.092,-0.186,0.444,36.94
-1.537,-0.078,-0.035,1.539,37.02
-0.531,-0.035,-0.125,0.547,37.09
-0.264,0.063,0.104,0.29,37.16
-2.613,-0.244,-1.576,3.062,37.23
-2.117,0.203,0.174,2.134,37.3
-1.471,-0.129,-0.189,1.488,37.38
0.324,0.15,-0.375,0.518,37.45
1.275,0.244,-0.842,1.548,37.52
-0.422,-0.162,-0.137,0.472,37.59
-0.633,-0.109,0.266,0.695,37.66
-3.961,0.375,-0.447,4.004,37.74
-1.982,0.076,0.359,2.016,37.81
-1.162,0.074,-0.074,1.167,37.88
-0.219,-0.047,-0.205,0.303,37.95
-0.156,0.057,-0.002,0.166,38.02
-2.615,0.404,0.037,2.647,38.09
-1.246,-0.088,-0.15,1.258,38.17
-0.578,0.064,0.082,0.587,38.24
-0.627,0.1,-0.396,0.748,38.31
-1.061,-0.035,0.24,1.088,38.38
-0.867,0.012,0.189,0.888,38.45
-2.549,-0.291,0.264,2.579,38.52
-1.9,0.072,-0.076,1.903,38.59
-0.891,0.02,0.131,0.9,38.67
0.818,0.143,-0.355,0.904,38.74
0.303,-0.186,0.076,0.363,38.81
-0.678,0.037,0.148,0.695,38.88
-0.377,0.096,-0.033,0.39,38.95
-2.822,0.166,-1.719,3.309,39.02
-1.693,0.443,-0.082,1.752,39.09
-0.846,-0.104,-0.053,0.854,39.16
-0.121,-0.023,-0.258,0.286,39.24
-0.432,0.082,0.006,0.439,39.31
-1.762,0.293,0.059,1.787,39.38
-1.295,0.018,-0.123,1.301,39.45
-0.477,0.07,-0.088,0.49,39.52
-0.186,-0.154,-0.203,0.315,39.6
-1.562,0.123,-0.068,1.569,39.67
-2.521,0.037,0.168,2.527,39.74
-1.637,0.084,-0.08,1.641,39.81
-0.646,0.002,0.074,0.651,39.88
0.717,-0.123,-0.158,0.744,39.95
0.326,-0.033,-0.074,0.336,40.02
-0.563,0.143,0.164,0.603,40.09
-2.184,-0.477,-0.004,2.235,40.17
-1.937,0.018,0.004,1.938,40.24
-1.053,-0.018,0.035,1.053,40.31
-0.324,-0.066,-0.148,0.363,40.38
-0.184,0.008,-0.061,0.193,40.46
-2.008,0.121,-0.043,2.012,40.53
-1.576,0.035,-0.096,1.579,40.6
-0.684,0.043,-0.131,0.697,40.67
-0.342,-0.096,-0.262,0.441,40.74
0.045,-0.088,-0.369,0.382,40.81
-3.482,0.031,0.559,3.527,40.88
-2.467,0.02,-0.09,2.469,40.96
-1.611,0.021,-0.307,1.64,41.03
0.086,0.057,-0.027,0.106,41.1
1.41,-0.166,-0.645,1.559,41.17
-0.492,0.066,0.318,0.59,41.24
-0.643,-0.012,0.078,0.647,41.31
-3.293,0.176,0.318,3.313,41.38
-2.193,0.053,-0.057,2.195,41.46
-0.848,-0.145,-0.332,0.922,41.53
-0.34,0.068,-0.084,0.357,41.6
-0.244,0.133,-0.219,0.354,41.67
-1.236,0.072,0.043,1.239,41.74
-1.48,-0.143,-0.283,1.514,41.82
-0.674,0.145,0.082,0.694,41.89
0.084,-0.09,-0.258,0.286,41.96
-0.918,0.033,0.094,0.923,42.03
-2.383,0.125,0.287,2.403,42.1
-2.146,0.074,-0.121,2.151,42.17
-1.141,-0.098,0.193,1.161,42.24
0.451,0.051,-0.244,0.515,42.31
0.619,0.127,-0.199,0.663,42.38
-0.734,0.141,0.197,0.773,42.46
-1.125,0.043,-0.268,1.157,42.53
-2.77,-0.037,0.002,2.77,42.6
-1.131,0.133,-0.389,1.203,42.67
-0.543,0.059,0.021,0.547,42.74
-0.379,-0.187,0.041,0.425,42.81
-0.172,0.117,-0.178,0.274,42.88
-3.916,0.391,0.139,3.938,42.96
-2.805,0.037,0.848,2.93,43.03
-1.689,0.059,0.244,1.708,43.1
-0.828,0.021,-0.355,0.901,43.17
0.246,0.129,0.18,0.331,43.24
0.969,-0.068,-0.582,1.132,43.31
-0.375,-0.082,0.168,0.419,43.38
-1.439,0.139,-0.793,1.649,43.45
-2.029,-0.135,-0.256,2.05,43.53
-1.035,0.238,0.154,1.073,43.6
-0.221,-0.102,-0.094,0.26,43.67
-0.105,0,-0.082,0.134,43.74
-2.498,0.289,0.016,2.515,43.81
-1.264,0.139,0.016,1.271,43.88
-0.797,0.027,0.357,0.874,43.95
-0.225,0.121,-0.582,0.636,44.03
-1.17,-0.162,0.045,1.182,44.1
-1.848,0.32,0.027,1.875,44.17
-2.875,-0.414,-0.066,2.905,44.24
-1.4,0.201,-0.24,1.435,44.31
-0.225,0.43,0.291,0.565,44.38
1.686,-0.109,-0.621,1.8,44.46
-0.428,-0.051,0.111,0.445,44.53
-0.711,-0.102,0.143,0.732,44.6
-1.498,-0.076,-0.533,1.592,44.67
-2.34,0.154,0.098,2.347,44.74
-1.096,0.254,0.125,1.132,44.81
-0.256,-0.207,-0.205,0.388,44.89
-0.26,0.07,-0.068,0.278,44.96
-1.035,0.158,-0.096,1.052,45.03
-1.67,-0.205,-0.184,1.692,45.1
-1.535,0.105,0.393,1.588,45.17
-0.512,0.025,-0.477,0.7,45.25
-0.484,-0.117,0.176,0.528,45.32
-2.939,0.393,0.09,2.967,45.39
-1.367,0.117,-0.359,1.418,45.46
0.273,-0.021,-0.553,0.617,45.53
1.109,-0.396,-0.695,1.368,45.6
-0.566,0.088,0.654,0.87,45.67
-0.58,0.17,-0.463,0.761,45.75
-2.801,0.672,0.689,2.962,45.81
-1.422,0.172,-0.076,1.434,45.89
-0.527,-0.041,-0.166,0.554,45.96
-0.023,-0.176,0.045,0.183,46.03
-0.525,0.125,-0.135,0.557,46.1
-1.74,-0.027,-0.494,1.809,46.18
-1.031,-0.109,-0.049,1.038,46.25
-0.361,-0.033,-0.279,0.458,46.32
-0.689,0.049,-0.021,0.692,46.39
-1.307,-0.041,-0.191,1.321,46.47
-1.285,0.16,0.043,1.296,46.54
-2.109,-0.072,-0.141,2.115,46.61
-1.863,0.283,-0.184,1.894,46.68
-1.008,0.135,-0.053,1.018,46.75
0.449,0.035,0.002,0.451,46.82
0.775,-0.297,-0.664,1.063,46.9
-0.584,0.1,0.312,0.67,46.97
-2.725,0.221,-0.141,2.737,47.04
-2.699,0.021,0.184,2.706,47.11
-1.037,0.068,0.414,1.119,47.18
-0.289,-0.049,-0.16,0.334,47.25
-0.285,0.035,-0.039,0.29,47.32
-1.875,0.191,0.025,1.885,47.39
-1.561,0.006,0.035,1.561,47.47
-0.852,0.082,0,0.856,47.54
-0.34,-0.004,-0.199,0.394,47.61
-0.518,-0.1,0.1,0.536,47.68
-1.781,-0.023,-0.187,1.791,47.75
-2.26,-0.047,0.395,2.294,47.83
-1.5,0.221,0.006,1.516,47.9
0.031,0.08,-0.119,0.147,47.97
1.148,-0.055,-0.803,1.402,48.04
-0.318,0.119,0.006,0.34,48.11
-1.154,0.049,0.102,1.16,48.18
-2.969,-0.039,-0.486,3.009,48.25
-1.246,0.154,-0.09,1.259,48.32
-0.408,-0.01,-0.043,0.411,48.4
-0.162,-0.096,-0.088,0.208,48.47
-1.203,0.094,-0.098,1.211,48.54
-1.658,0.063,0.01,1.659,48.61
-0.928,0.102,0.006,0.933,48.68
-0.135,-0.121,-0.328,0.375,48.76
-1.121,-0.025,0.037,1.122,48.83
-2.258,0.357,0.408,2.322,48.9
-1.773,-0.104,-0.238,1.792,48.97
-0.484,0.041,0.088,0.494,49.04
1.318,-0.076,-0.17,1.331,49.11
-0.148,0.01,0.221,0.266,49.18
-0.809,0.043,0.109,0.817,49.26
-2.525,-0.07,0.295,2.544,49.33
-1.529,0.039,0.014,1.53,49.4
-0.596,0.084,0.01,0.602,49.47
-0.371,-0.082,-0.178,0.42,49.54
-0.688,0.066,-0.094,0.697,49.61
-1.572,0.063,0.031,1.574,49.68
-1.127,-0.053,-0.07,1.13,49.76
-0.598,0.004,-0.168,0.621,49.83
-0.648,-0.059,-0.154,0.669,49.9
-1.16,-0.035,-0.027,1.161,49.97
-1.686,0.066,-0.187,1.697,50.04
-2.379,-0.16,0.15,2.389,50.12
-1.678,0.467,-0.248,1.759,50.19
-0.17,0.029,-0.012,0.173,50.26
1.066,-0.391,-0.16,1.147,50.33
-0.154,0.059,0.434,0.464,50.4
-1.121,0.258,0.189,1.166,50.47
-2.367,-0.203,0.105,2.378,50.54
-1.656,-0.113,-0.066,1.661,50.62
-0.643,0.209,0.227,0.713,50.69
-0.16,-0.078,-0.148,0.232,50.76
-0.445,-0.107,-0.125,0.475,50.84
-1.586,0.207,0.252,1.619,50.91
-1.238,0.004,-0.055,1.239,50.98
-0.473,-0.033,-0.227,0.525,51.05
-0.602,-0.01,-0.076,0.606,51.12
-0.797,-0.035,-0.092,0.803,51.2
-1.178,0.246,-0.271,1.233,51.27
-2.809,-0.443,-0.064,2.844,51.34
-1.932,0.395,-0.285,1.992,51.41
-0.738,-0.061,0.209,0.77,51.48
0.635,0.068,-0.168,0.66,51.56
0.525,-0.176,-0.229,0.599,51.63
-0.881,0.229,0.605,1.093,51.7
-2.6,-0.084,-0.082,2.602,51.77
-1.703,0.141,0.215,1.722,51.84
-1.123,0.156,0.277,1.167,51.91
-0.113,-0.17,-0.584,0.619,51.98
-0.455,-0.346,0.205,0.607,52.06
-1.432,0.467,0.137,1.512,52.13
-1.994,-0.621,0.107,2.091,52.2
-0.662,0.102,0.096,0.677,52.27
-0.174,0.299,-0.158,0.38,52.34
-0.689,0.168,-0.033,0.71,52.41
-0.92,-0.043,-0.141,0.932,52.49
-3.035,-0.184,-0.129,3.043,52.56
-2.344,0.754,0.035,2.462,52.63
-1.732,-0.236,-0.26,1.768,52.7
0.082,0.246,-0.451,0.52,52.77
1.453,-0.117,-0.215,1.474,52.84
-0.6,0.107,0.254,0.66,52.92
-0.637,-0.105,-0.008,0.645,52.99
-1.301,0.02,-0.215,1.319,53.06
-1.908,-0.117,-0.83,2.084,53.13
-0.934,-0.141,0.018,0.944,53.2
0.082,-0.053,-0.383,0.395,53.28
-0.234,0.197,0.072,0.315,53.35
-1.863,0.365,0.322,1.926,53.42
-0.982,-0.295,0.187,1.043,53.49
-0.434,0.039,-0.213,0.485,53.56
-1.273,0.137,-0.033,1.281,53.63
-1.23,-0.107,0.09,1.238,53.7
-0.566,0.154,0.127,0.601,53.78
-1.471,-0.121,0.617,1.6,53.85
-2.455,0.525,0.268,2.525,53.92
-1.574,0.156,0.207,1.595,53.99
0.215,0.291,-0.471,0.594,54.06
1.27,-0.104,-1.008,1.624,54.13
-0.645,-0.123,-0.039,0.657,54.2
-0.543,0.227,0.211,0.625,54.27
-3.037,0.023,0.105,3.039,54.35
-1.693,0.236,0.063,1.711,54.42
-1.33,0.064,0.512,1.427,54.49
-0.49,0.084,-0.045,0.499,54.56
-0.148,0.314,-0.217,0.41,54.63
-0.852,-0.008,0.123,0.86,54.7
-1.623,0.088,-0.479,1.694,54.77
-1.086,0.086,0.035,1.09,54.84
-0.26,0.016,-0.473,0.54,54.92
-0.766,-0.029,-0.26,0.809,54.99
-0.832,-0.021,-0.068,0.835,55.06
-2.186,0.201,-0.363,2.225,55.13
-2.334,-0.092,-0.27,2.351,55.21
-1.312,0.334,0.137,1.361,55.28
0.447,0.084,-0.277,0.533,55.35
0.721,-0.445,-0.434,0.952,55.42
-0.637,0.123,0.219,0.684,55.49
-1.262,0.273,-0.006,1.291,55.56
-2.826,0.127,-0.041,2.829,55.63
-1.295,0.158,-0.086,1.307,55.71
-0.396,-0.039,-0.033,0.4,55.78
-0.205,-0.035,-0.018,0.209,55.85
-1.855,0.215,-0.334,1.897,55.92
-1.453,0.051,-0.008,1.454,55.99
-0.764,0.07,-0.143,0.78,56.07
-0.592,0.041,-0.232,0.637,56.14
-0.947,-0.111,-0.207,0.976,56.21
-1.23,0,-0.453,1.311,56.28
-1.018,0.176,-0.189,1.05,56.35
-0.756,0.047,-0.285,0.809,56.43
-0.813,-0.057,-0.301,0.868,56.5
-0.68,-0.043,-0.682,0.964,56.57
-0.689,0.066,-0.566,0.895,56.64
-0.834,-0.002,-0.688,1.081,56.72
-0.721,-0.109,-0.916,1.171,56.79
-0.887,-0.035,-0.541,1.039,56.86
-1.02,-0.076,-1.014,1.44,56.93
-0.9,0.098,-0.895,1.273,57.01
-1.986,-0.346,-0.885,2.202,57.08
-1.721,0.49,-1.062,2.081,57.15
-0.885,-0.043,-0.187,0.905,57.22
0.922,-0.141,-0.145,0.944,57.29
0.32,0.098,-0.158,0.37,57.37
-0.877,-0.018,0.172,0.894,57.44
-0.207,-0.045,-0.152,0.261,57.51
-4,0.16,-0.436,4.027,57.58
-1.748,0.205,0.004,1.76,57.65
-1.049,-0.355,0.035,1.108,57.72
-0.094,-0.113,-0.197,0.246,57.8
-0.082,0.25,-0.059,0.27,57.87
-2.229,0.24,0.273,2.258,57.94
-1.572,-0.439,-0.209,1.646,58.01
-0.598,0.246,0.064,0.65,58.08
-0.301,-0.051,-0.252,0.396,58.16
-0.875,-0.014,0.014,0.875,58.23
-1.77,0.162,0.049,1.778,58.3
-2.459,-0.012,-0.336,2.482,58.37
-2.002,0.389,-0.025,2.039,58.44
-1.139,-0.07,-0.039,1.142,58.52
0.547,-0.078,-0.305,0.631,58.59
0.574,0.059,-0.059,0.58,58.66
-0.766,-0.063,0.266,0.813,58.73
-0.857,0.16,-0.568,1.041,58.8
-4,1.939,2.186,4.954,58.87
-1.863,0.092,0.434,1.915,58.94
-0.537,-0.191,-0.512,0.766,59.02
-0.207,0.061,-0.1,0.238,59.09
-0.805,0.021,-0.322,0.867,59.16
-1.412,0.213,-0.41,1.486,59.23
-0.93,-0.057,-0.238,0.961,59.3
-0.238,-0.027,-0.234,0.335,59.38
-1.1,0.137,-0.338,1.158,59.45
-0.801,0.057,0.08,0.807,59.52
-1.385,-0.02,-0.187,1.398,59.59
-2.832,0.037,0.141,2.836,59.66
-1.434,0.16,-0.266,1.467,59.74
-0.199,0.053,0.102,0.23,59.81
0.953,0.012,-0.359,1.019,59.88
0.076,-0.221,-0.172,0.29,59.95
-0.83,0.008,0.053,0.832,60.02
-2.465,-0.057,-0.32,2.486,60.09
-1.707,-0.023,-0.27,1.728,60.17
-0.621,0.148,-0.004,0.639,60.24
-0.271,-0.164,-0.125,0.341,60.31
-0.486,0.023,-0.127,0.503,60.38
-1.826,0.139,-0.096,1.834,60.45
-1.258,-0.104,-0.037,1.263,60.53
-0.471,-0.023,-0.119,0.486,60.6
-0.266,-0.111,-0.451,0.535,60.67
-1.084,0.002,-0.162,1.096,60.74
-2.551,0.125,0.012,2.554,60.81
-2.604,0.152,-0.264,2.621,60.89
-1.596,0.125,-0.342,1.637,60.96
-0.076,0.041,-0.104,0.135,61.03
1.266,-0.25,-0.475,1.375,61.1
-0.531,0.232,0.109,0.59,61.17
-0.799,0.195,-0.115,0.83,61.24
-2.566,-0.008,-0.607,2.637,61.32
-1.529,0.555,-0.604,1.735,61.39
-0.947,-0.096,0.232,0.98,61.46
-0.137,-0.176,-0.469,0.519,61.53
-0.221,0.016,-0.268,0.347,61.6
-2.57,0.365,0.293,2.613,61.68
-1.293,-0.199,-0.402,1.369,61.75
-0.426,0.117,-0.338,0.556,61.82
-0.344,0.037,-0.221,0.41,61.89
-0.549,-0.16,-0.051,0.574,61.96
-2.652,0.34,-0.408,2.705,62.04
-2.738,-0.092,-0.088,2.741,62.11
-1.791,0.309,-0.197,1.828,62.18
-0.213,0.193,-0.143,0.321,62.25
1.391,-0.279,-0.318,1.454,62.32
-0.242,0.047,-0.043,0.25,62.4
-1.119,-0.043,0.262,1.15,62.47
-0.961,0,-0.316,1.012,62.54
-2.646,0.578,0.406,2.739,62.61
-1.393,-0.42,0.275,1.48,62.68
-0.213,0.164,-0.002,0.269,62.75
-0.002,0.031,-0.326,0.328,62.83
-1.256,-0.061,-0.021,1.258,62.9
-1.656,0.09,-0.24,1.676,62.97
-0.947,0.088,-0.248,0.983,63.04
-0.1,0.051,-0.127,0.169,63.11
-0.807,0.027,-0.057,0.809,63.18
-0.965,-0.467,-0.271,1.106,63.26
-0.654,0.08,-0.055,0.661,63.33
-2.027,-0.174,-0.076,2.036,63.4
-2.314,0.371,0.252,2.358,63.47
-1.559,0.074,0.539,1.651,63.54
-0.416,-0.168,-0.24,0.509,63.62
0.545,-0.096,-0.027,0.554,63.69
0.291,0.254,0.031,0.387,63.76
-0.863,0.01,0.334,0.926,63.83
-2.404,-0.193,-0.063,2.413,63.9
-2.111,-0.277,-0.617,2.217,63.97
-0.791,0.254,0.195,0.853,64.04
-0.053,-0.094,-0.051,0.119,64.12
-0.244,-0.104,-0.143,0.301,64.19
-3.355,0.316,0.109,3.372,64.26
-1.311,0.039,-0.078,1.313,64.33
-0.576,-0.016,0.289,0.645,64.4
-0.277,-0.053,-0.424,0.509,64.48
-1.568,-0.072,-0.055,1.571,64.55
-0.48,0.057,-0.123,0.499,64.62
-1.102,-0.025,-0.059,1.103,64.69
-2.725,0.209,0.732,2.829,64.76
-2.01,-0.086,-0.385,2.048,64.84
-0.428,0.213,-0.109,0.49,64.91
1.678,-0.051,-0.846,1.88,64.98
-0.193,-0.064,-0.225,0.303,65.05
-0.762,0.08,0.369,0.85,65.12
-2.643,0.148,-0.203,2.655,65.2
-1.801,-0.244,-0.266,1.837,65.27
-0.785,0.385,0.223,0.902,65.34
-0.125,0.035,-0.227,0.261,65.41
-0.518,-0.082,-0.074,0.529,65.48
-1.709,0.119,0.074,1.715,65.56
-1.363,0.143,0.104,1.375,65.63
-0.592,-0.021,-0.221,0.632,65.7
-0.127,-0.025,-0.094,0.16,65.77
-0.521,-0.07,-0.221,0.571,65.84
-2.123,0.072,-0.898,2.306,65.92
-2.463,-0.102,-0.568,2.53,65.99
-1.342,0.187,-0.207,1.371,66.06
0.176,0.059,-0.367,0.411,66.13
1.24,-0.203,-0.846,1.515,66.2
-0.629,0.186,0.209,0.688,66.27
-2.592,0.059,0.318,2.612,66.34
-2.717,0.172,0.598,2.787,66.42
-0.99,0.279,-0.088,1.033,66.49
-0.307,-0.268,-0.084,0.416,66.56
-0.281,-0.01,-0.012,0.282,66.63
-2.26,0.371,0.258,2.304,66.7
-1.623,-0.115,0.07,1.629,66.78
-0.689,-0.021,-0.113,0.699,66.85
-0.145,0.076,-0.211,0.267,66.92
-0.527,-0.107,0,0.538,66.99
-0.805,-0.031,-0.367,0.885,67.06
-2.988,0.729,0.877,3.198,67.14
-2.412,-0.236,-0.246,2.436,67.21
-0.947,0.238,-0.152,0.989,67.28
0.408,0.229,-0.033,0.469,67.35
0.717,-0.4,-1.047,1.33,67.42
-0.555,-0.027,0.387,0.677,67.49
-0.861,0.207,-0.684,1.119,67.57
-3.57,-0.187,-0.473,3.606,67.64
-1.312,0.246,0.336,1.377,67.71
-0.459,-0.205,-0.088,0.51,67.78
-0.01,0.045,-0.184,0.189,67.85
-1.295,0.098,-0.078,1.301,67.93
-1.607,-0.025,-0.02,1.608,68
-0.514,0.178,-0.252,0.599,68.07
-0.262,-0.131,-0.287,0.41,68.14
-1.236,-0.115,0.002,1.242,68.21
-1.346,0.266,-0.252,1.395,68.29
-0.836,-0.135,0.141,0.858,68.36
-0.33,-0.049,-0.391,0.514,68.43
-2.314,0.008,0.66,2.407,68.5
-2.559,0.102,0.156,2.565,68.57
-1.363,0.064,0.119,1.37,68.64
-0.613,-0.191,-0.289,0.704,68.72
0.639,0.148,-0.342,0.739,68.79
0.137,-0.051,0.102,0.178,68.86
-0.873,0.123,0.035,0.882,68.93
-2.105,-0.457,-0.109,2.157,69
-1.393,0.074,-0.088,1.397,69.07
-0.564,-0.018,-0.033,0.566,69.15
-0.061,-0.121,-0.266,0.298,69.22
-1.187,-0.191,0.006,1.203,69.29
-1.584,0.287,-0.213,1.624,69.36
-0.9,0.055,0.295,0.949,69.43
-0.26,-0.02,-0.246,0.358,69.51
-1.936,0.348,0.078,1.968,69.58
-1.15,0.025,-0.09,1.154,69.65
-0.352,-0.025,-0.184,0.397,69.72
-0.633,0.008,-0.027,0.633,69.79
-1.76,-0.164,-0.447,1.823,69.87
-2.162,-0.078,-0.193,2.172,69.94
-1.463,0.109,0.016,1.467,70.01
-0.26,0.254,-0.148,0.392,70.08
1.062,-0.213,-0.428,1.165,70.15
-0.137,-0.039,-0.061,0.155,70.22
-0.982,0.076,0.008,0.985,70.3
-2.342,0.502,0.248,2.408,70.37
-1.393,-0.199,-0.197,1.421,70.44
-0.523,-0.066,-0.309,0.611,70.51
-0.352,0.227,0.166,0.45,70.58
-1.08,0.008,-0.086,1.084,70.66
-1.437,0.133,0.006,1.444,70.73
-0.951,0.215,-0.48,1.087,70.8
-0.648,-0.1,0.02,0.656,70.87
-1.051,-0.096,-0.242,1.083,70.94
-1.076,0.152,-0.451,1.177,71.01
-1.082,0.166,-0.602,1.249,71.09
-1.24,-0.09,-0.35,1.292,71.16
-0.807,-0.002,-0.262,0.848,71.23
-0.414,0.105,-0.373,0.567,71.3
-0.525,0.063,-0.318,0.617,71.37
-2.561,0.094,0.504,2.611,71.44
-2.383,0.145,-0.217,2.397,71.52
-0.996,0.213,-0.08,1.022,71.59
0.355,0.115,-0.373,0.528,71.66
0.674,-0.447,-0.361,0.886,71.73
-0.607,0.012,0.184,0.635,71.8
-0.906,0.566,-0.273,1.103,71.87
-3.842,-0.369,0.334,3.874,71.95
-1.105,0.295,0.521,1.257,72.02
-0.301,0.143,0.096,0.346,72.09
-0.115,-0.275,-0.016,0.299,72.16
-1.268,-0.018,-0.078,1.27,72.23
-1.82,0.373,0.193,1.868,72.3
-0.852,-0.023,0.047,0.853,72.37
-0.355,0.055,-0.074,0.367,72.45
-1.045,-0.059,-0.104,1.052,72.52
-0.738,0.045,-0.166,0.758,72.59
-0.691,0.041,-0.152,0.709,72.66
-1.963,-0.217,-0.201,1.985,72.74
-2.377,0.318,-0.424,2.435,72.81
-1.873,0.09,-0.123,1.879,72.88
-0.338,0.047,-0.021,0.342,72.95
1.461,0.002,-0.506,1.546,73.02
0.01,-0.137,-0.109,0.175,73.09
-0.852,0.205,0.434,0.977,73.16
-1.832,-0.25,-0.279,1.87,73.24
-1.213,0.047,-0.187,1.228,73.31
-0.498,0.381,0.295,0.693,73.38
-0.094,-0.566,-0.389,0.693,73.45
-0.539,0.074,0.049,0.546,73.52
-1.26,0.994,0.26,1.626,73.59
-1.219,-0.514,0.275,1.351,73.67
-0.354,0.15,-0.223,0.444,73.74
-1.328,0.406,-0.178,1.4,73.81
-1.031,-0.146,-0.205,1.062,73.88
-0.684,0.076,-0.143,0.702,73.95
-0.604,0.029,-0.162,0.626,74.02
-1.748,0.311,-0.148,1.782,74.1
-2.609,-0.195,-0.162,2.622,74.17
-1.367,0.443,-0.332,1.475,74.24
0.084,0.068,-0.068,0.128,74.31
1.166,-0.299,-1.018,1.576,74.38
-0.666,0.023,0.107,0.675,74.46
-0.953,0.4,-0.027,1.034,74.53
-2.271,-0.447,0.416,2.352,74.6
-1.195,0.156,-0.334,1.251,74.67
-0.555,0.176,0.025,0.582,74.74
-0.305,-0.166,-0.15,0.378,74.81
-0.861,-0.012,-0.131,0.871,74.89
-1.527,0.137,-0.176,1.543,74.96
-0.887,0.148,-0.021,0.899,75.03
-0.393,-0.023,-0.244,0.463,75.1
-1.682,-0.182,0.057,1.692,75.17
-0.91,0.143,-0.119,0.929,75.25
-0.721,0.123,-0.164,0.749,75.32
-0.939,0.023,-0.129,0.949,75.39
-1.309,-0.158,-0.209,1.335,75.46
-2.654,0.469,-0.102,2.697,75.54
-1.967,0.137,-0.344,2.001,75.61
-0.412,0.074,-0.104,0.431,75.68
1.314,-0.578,-0.311,1.469,75.75
0,0.27,0.35,0.441,75.82
-0.926,0.246,0.299,1.003,75.89
-2.277,-0.293,-0.643,2.384,75.96
-1.658,0.809,-0.162,1.852,76.04
-1.027,-0.205,0.068,1.05,76.11
-0.377,-0.197,-0.215,0.477,76.18
-0.273,0.187,-0.24,0.409,76.25
-3.893,0.445,-0.078,3.919,76.32
-1.297,-0.184,0.01,1.31,76.39
-0.281,-0.004,-0.154,0.321,76.47
-0.516,0.191,-0.232,0.597,76.54
-1.072,-0.021,-0.143,1.082,76.61
-0.615,0.027,-0.141,0.632,76.68
-2.197,0.334,0.604,2.303,76.75
-2.678,-0.24,0.002,2.688,76.83
-1.473,0.309,-0.156,1.513,76.9
-0.109,0.002,-0.145,0.181,76.97
1.354,-0.008,-0.563,1.466,77.04
-0.203,-0.023,-0.068,0.216,77.11
-0.836,0.02,0.121,0.845,77.19
-2.984,0.08,0.545,3.035,77.26
-1.352,0.229,-0.369,1.42,77.33
-0.617,-0.057,0.158,0.64,77.4
-0.199,-0.043,-0.137,0.245,77.47
-0.865,0.088,-0.172,0.887,77.54
-1.98,0.441,0.176,2.037,77.61
-1.092,-0.215,0.049,1.114,77.69
-0.17,0.061,-0.16,0.241,77.76
-0.893,0.123,-0.297,0.949,77.83
-0.865,-0.133,-0.186,0.895,77.9
-1.02,-0.027,0.016,1.02,77.97
-2.246,-0.023,-0.762,2.372,78.05
-2.26,0.168,-0.49,2.318,78.12
-0.859,0.105,0.061,0.868,78.19
1.355,0.301,-0.656,1.536,78.26
0.141,-0.426,-0.375,0.585,78.33
-0.811,0.096,0.406,0.912,78.4
-1.348,0.305,-0.695,1.547,78.47
-3.988,0.25,-0.391,4.015,78.55
-1.133,0.332,0.125,1.187,78.62
-0.336,-0.195,-0.316,0.501,78.69
-0.371,-0.066,-0.119,0.395,78.76
-1.23,0.203,0.197,1.263,78.83
-1.168,0.082,0.07,1.173,78.9
-0.682,0.021,-0.48,0.834,78.98
-1.525,-0.068,-0.187,1.538,79.05
-0.717,0.004,-0.191,0.742,79.12
-0.459,0.023,-0.322,0.561,79.19
-2.924,0.357,0.789,3.049,79.26
-2.416,-0.385,-0.809,2.577,79.34
-1.537,0.506,-0.086,1.62,79.41
-0.34,-0.08,0.219,0.412,79.48
1.666,-0.227,-1.307,2.129,79.55
-0.406,-0.023,-0.201,0.454,79.62
-0.873,-0.004,0.275,0.915,79.69
-2.389,0.066,-0.307,2.409,79.77
-1.74,-0.16,-0.027,1.748,79.84
-0.822,-0.059,0.121,0.833,79.91
-0.08,-0.1,-0.107,0.167,79.98
-0.523,0.074,-0.15,0.55,80.06
-1.582,0.4,-0.424,1.686,80.13
-0.961,-0.25,0.063,0.995,80.2
-0.297,0.029,-0.297,0.421,80.27
-1.42,0.096,-0.182,1.435,80.34
-0.945,-0.037,-0.201,0.967,80.42
-0.514,0.074,-0.09,0.527,80.49
-1.141,-0.004,-0.068,1.143,80.56
-0.967,-0.127,-0.1,0.98,80.63
-2.406,0.061,-0.135,2.411,80.71
-2.309,0.219,-0.09,2.321,80.78
-1.275,-0.322,-0.33,1.356,80.85
0.502,0.492,-0.064,0.706,80.92
0.74,-0.17,-0.229,0.793,80.99
-0.477,0.102,0.277,0.561,81.06
-1.078,0.127,-0.23,1.11,81.13
-3.828,-0.145,-0.33,3.845,81.21
-1.084,0.08,0.225,1.11,81.28
-0.238,-0.068,0.047,0.252,81.35
-0.334,-0.025,-0.072,0.343,81.42
-1.383,0.094,-0.021,1.386,81.5
-1.771,-0.176,0.316,1.808,81.57
-0.91,-0.02,-0.23,0.939,81.64
-0.301,0.133,-0.125,0.352,81.71
-0.754,-0.027,-0.178,0.775,81.78
-0.93,-0.27,-0.262,1.003,81.86
-1.449,0.094,-0.15,1.46,81.93
-2.557,0.014,-0.086,2.558,82
-2.092,0.16,-0.318,2.122,82.07
-1.09,0.016,-0.199,1.108,82.14
0.486,-0.107,-0.268,0.565,82.21
0.717,-0.215,-0.84,1.125,82.29
-0.549,0.561,0.412,0.886,82.36
-1.168,0.162,0.449,1.262,82.43
-2.852,-0.18,0.461,2.894,82.5
-0.814,0.16,-0.145,0.843,82.57
-0.209,-0.072,-0.197,0.296,82.65
-0.35,-0.031,-0.133,0.375,82.72
-1.768,0.271,0.414,1.836,82.79
-1.164,-0.195,0.227,1.202,82.86
-0.205,0.008,-0.32,0.38,82.93
-1.883,0.186,0.109,1.895,83
-1.33,-0.223,-0.189,1.362,83.08
-0.221,0.109,-0.221,0.331,83.15
-0.404,-0.045,-0.078,0.414,83.22
-3.303,0.107,0.629,3.364,83.29
-2.5,0.063,-0.178,2.507,83.36
-1.818,-0.16,-0.223,1.839,83.44
0.453,0.186,-0.422,0.646,83.51
0.941,-0.117,-0.408,1.033,83.58
-0.498,-0.002,0.377,0.625,83.65
-0.734,-0.064,-0.027,0.738,83.72
-3.115,0.299,0.391,3.154,83.79
-1.389,-0.047,-0.104,1.393,83.87
-0.391,-0.139,0.039,0.416,83.94
-0.225,-0.135,-0.223,0.344,84.01
-1.955,0.398,0.434,2.042,84.08
-1.162,0.068,0.141,1.173,84.15
-0.412,-0.088,-0.162,0.451,84.22
-1.396,0.012,-0.352,1.44,84.3
-1.295,0.109,-0.045,1.3,84.37
-0.48,0.045,-0.162,0.509,84.44
-0.885,-0.119,-0.002,0.893,84.51
-0.543,-0.01,-0.309,0.625,84.59
-1.387,0.125,-0.299,1.424,84.66
-2.494,0.076,-0.355,2.52,84.73
-1.762,0.158,-0.535,1.848,84.8
-0.432,-0.051,0.287,0.521,84.87
1.035,0.016,-0.219,1.058,84.94
-0.043,-0.15,0.031,0.159,85.01
-1.027,0.035,0.508,1.147,85.09
-1.271,-0.156,-0.619,1.423,85.16
-1.92,0.203,-0.113,1.934,85.23
-0.988,-0.018,0.187,1.006,85.3
-0.156,-0.137,-0.156,0.26,85.38
-0.598,0.119,-0.168,0.632,85.45
-1.658,-0.055,-0.094,1.662,85.52
-0.752,-0.031,-0.121,0.762,85.59
-0.352,0.164,-0.166,0.422,85.66
-1.297,-0.029,-0.342,1.341,85.74
-0.885,-0.154,-0.057,0.9,85.81
-1.172,0.072,-0.113,1.18,85.88
-2.641,0.254,-0.111,2.655,85.95
-1.59,-0.037,-0.129,1.595,86.03
-0.627,0.186,-0.096,0.661,86.1
0.787,0.246,-0.232,0.857,86.17
0.211,-0.365,-0.26,0.495,86.24
-0.883,-0.09,0.135,0.898,86.31
-1.836,0.455,-0.281,1.912,86.38
-1.598,-0.043,-0.393,1.646,86.46
-0.719,-0.256,-0.26,0.806,86.53
-0.146,0.125,-0.176,0.261,86.6
-0.869,0.156,-0.117,0.891,86.67
-2.062,-0.133,0.051,2.067,86.75
-0.936,0.105,-0.043,0.942,86.82
-0.416,0.061,-0.141,0.443,86.89
-1.402,-0.006,-0.184,1.414,86.96
-0.926,0.051,-0.018,0.927,87.03
-0.377,0.072,0.021,0.384,87.1
-0.93,-0.088,-0.055,0.935,87.18
-1.092,-0.043,-0.049,1.094,87.25
-2.125,0.105,-0.344,2.155,87.32
-2.119,0.248,0.211,2.144,87.39
-1.314,-0.133,-0.074,1.323,87.46
-0.014,0.111,0.045,0.121,87.54
0.92,0.109,-0.828,1.243,87.61
-0.262,0.027,-0.23,0.35,87.68
-1.445,0.25,0.109,1.471,87.75
-2.779,-0.344,0.373,2.825,87.82
-1.268,0.287,0.113,1.305,87.89
-0.521,-0.037,-0.02,0.523,87.96
-0.184,-0.047,-0.129,0.229,88.04
-1.064,0.045,-0.057,1.067,88.11
-1.959,-0.053,0.033,1.96,88.18
-0.908,0.123,-0.086,0.921,88.25
-0.266,0.063,-0.246,0.367,88.32
-0.885,0.029,-0.004,0.885,88.39
-1.236,-0.172,-0.328,1.291,88.47
-0.676,-0.064,0.008,0.679,88.54
-2.662,0.156,0.467,2.707,88.61
-2.187,0.334,-0.256,2.228,88.68
-1.65,-0.357,0.119,1.693,88.75
-0.303,0.121,-0.439,0.547,88.83
1.025,0.104,-0.311,1.076,88.9
0.043,-0.094,-0.133,0.168,88.97
-1.467,0.164,-0.035,1.476,89.04
-2.086,-0.094,-0.744,2.217,89.11
-1.086,0.225,-0.133,1.117,89.18
-0.537,-0.297,-0.152,0.632,89.26
-0.285,0.076,-0.104,0.313,89.33
-2.025,0.35,-0.051,2.056,89.4
-1.451,-0.029,-0.172,1.462,89.47
-0.832,0.131,-0.209,0.868,89.54
-0.5,0.018,-0.24,0.555,89.62
-1.205,-0.119,-0.145,1.22,89.69
-0.828,0.133,-0.377,0.92,89.76
-0.584,0.123,-0.352,0.693,89.83
-0.881,-0.205,-0.412,0.994,89.91
-1.383,-0.098,-0.461,1.461,89.98
-1.711,0.123,-0.113,1.719,90.05
-1.971,-0.221,-0.619,2.077,90.12
-2.117,0.047,-0.193,2.127,90.19
-0.67,0.139,-0.193,0.711,90.27
0.5,0.076,-0.273,0.575,90.34
0.57,-0.186,0.029,0.6,90.41
-0.727,0.178,0.217,0.779,90.48
-1.895,0.018,0.16,1.901,90.55
-2.875,-0.459,-0.303,2.927,90.62
-0.961,0.057,0.086,0.966,90.69
-0.152,0.082,-0.145,0.225,90.77
-0.268,-0.156,-0.074,0.319,90.84
-3.025,-0.078,-0.031,3.027,90.91
-1.475,-0.008,-0.033,1.475,90.98
-0.559,0.18,-0.18,0.614,91.06
-0.607,0.074,0.039,0.613,91.13
-1.383,-0.422,-0.004,1.446,91.2
-1.41,-0.104,-0.197,1.428,91.27
-0.664,0.283,-0.07,0.725,91.34
-0.311,-0.146,-0.164,0.381,91.42
-1.211,-0.156,0.047,1.222,91.49
-1,0.256,0.053,1.034,91.56
-2.287,0.357,-0.186,2.322,91.63
-2.703,-0.352,0.48,2.768,91.7
-1.352,0.223,0.537,1.471,91.77
0.053,0.318,-0.324,0.457,91.84
1.092,-0.305,-0.436,1.214,91.92
-0.275,0.01,-0.111,0.297,91.99
-1.072,0.342,0.344,1.177,92.06
-3.195,-0.432,1.023,3.383,92.13
-1.076,0.389,0.346,1.195,92.2
-0.695,-0.316,-0.014,0.764,92.27
-0.076,-0.1,-0.305,0.329,92.35
-1.404,0.236,0.25,1.446,92.42
-1.426,0.033,-0.082,1.429,92.49
-0.691,-0.197,-0.107,0.727,92.56
-0.238,0.176,-0.174,0.343,92.63
-2.42,-0.064,0.016,2.421,92.7
-1.055,-0.076,-0.033,1.058,92.78
-0.48,0.174,-0.035,0.512,92.85
-0.74,-0.016,-0.154,0.756,92.92
-3.078,0.021,0.035,3.078,92.99
-2.441,0.467,-0.41,2.519,93.06
-1.26,0.299,-0.355,1.343,93.14
0.459,-0.178,-0.26,0.557,93.21
0.795,-0.152,-0.857,1.179,93.28
-0.645,-0.063,0.176,0.671,93.35
-1.311,-0.131,-0.414,1.381,93.43
-2.492,0.744,-0.17,2.606,93.5
-1.189,-0.105,-0.205,1.212,93.57
-0.424,-0.139,-0.115,0.461,93.64
-0.402,0.193,-0.023,0.447,93.71
-1.158,0.334,-0.203,1.222,93.79
-1.748,-0.018,-0.047,1.749,93.86
-0.846,0.086,-0.209,0.875,93.93
-0.287,0.049,-0.258,0.389,94
-0.84,-0.186,-0.016,0.86,94.07
-0.973,0.139,-0.203,1.003,94.15
-1.23,0.02,-0.104,1.235,94.22
-2.336,-0.182,-0.252,2.356,94.29
-2.324,0.193,-0.004,2.332,94.36
-1.252,0.063,-0.104,1.258,94.43
0.133,-0.041,-0.273,0.307,94.51
1.012,-0.328,-0.75,1.301,94.58
-0.314,0.35,0.484,0.675,94.65
-0.834,-0.053,-0.312,0.892,94.72
-3.221,0.494,0.184,3.264,94.79
-1.27,-0.016,0.467,1.353,94.86
-0.373,0.063,-0.061,0.383,94.94
-0.162,-0.031,-0.037,0.169,95.01
-1.494,-0.094,0.004,1.497,95.08
-1.643,0.039,0.102,1.646,95.15
-0.875,0.059,-0.137,0.888,95.22
-0.535,0.025,-0.07,0.54,95.29
-0.734,-0.041,-0.086,0.741,95.37
-1.322,-0.023,-0.254,1.347,95.44
-1.098,-0.023,-0.115,1.104,95.51
-0.637,-0.064,0.139,0.655,95.58
-1.496,0.459,-0.217,1.58,95.66
-2.342,-0.129,0.182,2.352,95.73
-1.857,0.17,-0.162,1.872,95.8
-0.928,0.104,0.068,0.936,95.87
0.725,0.111,-0.221,0.766,95.94
0.479,-0.236,0.002,0.534,96.01
-0.826,0.18,0.277,0.89,96.08
-1.914,0.08,0.332,1.944,96.15
-1.383,0.287,-0.438,1.479,96.23
-0.879,-0.105,0.148,0.898,96.3
-0.23,-0.002,-0.1,0.251,96.37
-0.451,0.133,-0.291,0.553,96.44
-1.605,-0.156,-0.627,1.731,96.51
-0.813,0.049,-0.072,0.817,96.59
-0.186,0.029,-0.529,0.562,96.66
-1.637,0.041,-0.066,1.639,96.73
-0.738,-0.039,-0.262,0.784,96.8
-0.715,-0.045,-0.201,0.744,96.87
-2.273,0.125,-0.602,2.355,96.95
-2.01,0.055,-0.076,2.012,97.02
-0.863,0.002,-0.447,0.972,97.09
0.422,0.178,-0.174,0.49,97.16
0.443,-0.535,-0.309,0.76,97.23
-0.377,0.156,0.127,0.427,97.3
-1.646,0.264,0.154,1.675,97.37
-2.477,-0.211,0.148,2.49,97.45
-0.867,0.076,0.068,0.873,97.52
-0.154,-0.057,-0.029,0.167,97.59
-0.187,0.092,-0.078,0.223,97.66
-2.676,0.287,0.152,2.695,97.73
-1.307,-0.025,0.023,1.307,97.8
-0.457,-0.07,-0.162,0.49,97.88
-0.365,0.262,-0.084,0.457,97.95
-1.342,0.049,-0.045,1.343,98.02
-0.846,0.023,-0.184,0.866,98.09
-0.227,0.094,-0.342,0.421,98.16
-0.648,-0.064,-0.098,0.659,98.24
-2.457,0.066,0.613,2.533,98.31
-2.105,0.146,-0.361,2.141,98.38
-1.082,0,0.078,1.085,98.45
0.58,0.104,-0.195,0.621,98.52
0.227,-0.148,0.383,0.469,98.59
-0.559,0.027,0.141,0.577,98.66
-2.555,0.174,-0.07,2.562,98.73
-3.246,0.115,0.154,3.252,98.8
-1.035,-0.148,0.203,1.065,98.88
-0.268,0.047,-0.07,0.281,98.95
-0.063,0.152,-0.242,0.293,99.02
-2.305,0.164,0.088,2.312,99.09
-1.531,-0.104,-0.273,1.559,99.16
-0.674,0.244,-0.164,0.735,99.23
-0.533,0.064,-0.104,0.547,99.31
-1.877,0.01,-0.42,1.923,99.38
-1.273,0.027,-0.201,1.29,99.45
-0.604,0.104,-0.02,0.613,99.52
-0.014,0.115,-0.113,0.162,99.59
-0.348,-0.043,-0.158,0.384,99.67
-2.131,0.084,-0.721,2.251,99.74
-2.521,0.186,-0.375,2.556,99.81
-1.379,-0.182,-0.164,1.4,99.88
0.213,0.531,0.131,0.587,99.95
0.783,-0.295,-0.207,0.862,100.02
-0.373,-0.316,0.107,0.501,100.1
-3.088,-0.047,0.057,3.089,100.17
-2.434,0.059,-0.283,2.451,100.24
-0.854,0.119,0.326,0.921,100.31
0.008,-0.113,-0.281,0.303,100.39
-3.877,0.324,1.588,4.202,100.46
-1.082,-0.021,-0.012,1.082,100.53
-0.453,-0.102,-0.096,0.474,100.61
-1.508,0.039,-0.184,1.519,100.68
-1.207,-0.107,-0.1,1.216,100.75
-0.621,-0.014,-0.043,0.623,100.83
-0.902,0.176,-0.205,0.942,100.9
-0.908,-0.094,-0.268,0.951,100.97
-1.951,-0.131,-0.402,1.997,101.05
-1.33,0.355,-0.197,1.391,101.12
-0.508,0.129,-0.201,0.561,101.19
-0.299,-0.16,-0.119,0.359,101.27
-0.57,-0.066,-0.41,0.706,101.34
-2.883,0.072,0.082,2.885,101.41
-1.748,0.055,-0.191,1.759,101.49
0.305,0.166,-0.275,0.443,101.56
0.666,-0.348,-0.187,0.774,101.63
-0.428,0.148,0.176,0.486,101.7
-0.771,0.256,-0.281,0.86,101.77
-4,-0.324,-0.873,4.107,101.85
-0.857,0.531,0.158,1.021,101.92
-0.135,-0.064,-0.035,0.153,101.99
-0.484,-0.115,-0.047,0.5,102.07
-1.584,0.094,-0.09,1.589,102.14
-1.311,0.133,-0.002,1.317,102.21
-0.525,-0.037,-0.338,0.626,102.29
-0.842,-0.125,0.123,0.86,102.36
-1.213,-0.012,-0.43,1.287,102.43
-1.312,0.256,-0.309,1.372,102.51
-0.938,-0.119,-0.264,0.981,102.58
-0.412,-0.146,-0.166,0.468,102.65
-0.512,0.07,-0.553,0.757,102.73
-1.408,-0.25,-0.35,1.472,102.8
-1.178,-0.146,-0.113,1.192,102.88
-2.133,0.383,-0.539,2.233,102.95
-1.889,-0.15,0.098,1.897,103.02
-0.773,0.045,-0.248,0.813,103.09
0.504,0.266,-0.205,0.605,103.16
0.469,-0.471,-0.271,0.718,103.24
-0.416,0.199,0.367,0.59,103.31
-1.932,-0.121,-0.502,1.999,103.38
-1.359,0.256,-0.414,1.444,103.46
-0.646,-0.102,0.082,0.66,103.53
-0.123,-0.119,-0.387,0.423,103.6
-0.803,0.105,-0.15,0.823,103.68
-1.75,0.273,-0.324,1.801,103.75
-1.09,-0.104,-0.109,1.1,103.82
-0.189,0.016,-0.34,0.389,103.9
-1.061,0.064,-0.24,1.089,103.97
-0.658,-0.006,-0.187,0.684,104.04
-1.051,0.045,0.152,1.063,104.11
-1.654,-0.17,-0.684,1.798,104.19
-1.65,0.137,-0.486,1.726,104.26
-1.238,0.115,-0.031,1.244,104.33
-0.418,-0.018,-0.287,0.507,104.41
-0.187,0.037,-0.363,0.41,104.48
-0.592,-0.008,-0.385,0.706,104.55
-2.451,0.027,-0.707,2.551,104.63
-2.092,-0.299,-0.891,2.293,104.7
-0.076,0.148,-0.109,0.199,104.77
0.924,0.061,-0.047,0.927,104.84
-0.016,-0.039,-0.281,0.284,104.92
-1.08,-0.115,0.033,1.087,104.99
-2.561,0.061,-1.381,2.91,105.06
-1.27,-0.025,-0.307,1.306,105.14
-0.209,-0.107,-0.156,0.282,105.21
-0.193,-0.111,-0.211,0.307,105.29
-2.094,0.191,-0.264,2.119,105.36
-1.203,-0.127,-0.137,1.218,105.43
-0.303,-0.156,-0.225,0.408,105.51
-0.328,0.191,-0.236,0.447,105.58
-1.855,0.096,-0.279,1.879,105.65
-0.533,-0.029,-0.096,0.543,105.72
-0.602,0.035,-0.268,0.659,105.8
-2.105,0.199,-0.6,2.198,105.87
-2.289,-0.18,-0.57,2.366,105.95
-1.258,0.387,-0.006,1.316,106.02
0.387,-0.262,-0.273,0.541,106.09
1.023,0.152,-0.277,1.071,106.16
-0.551,0.129,0.043,0.567,106.23
-1.264,0.045,-0.125,1.271,106.31
-3.15,0.105,0.127,3.155,106.38
-1.279,-0.129,-0.252,1.31,106.45
-0.197,-0.09,-0.105,0.241,106.53
-0.219,0.187,0.074,0.298,106.6
-1.814,0.236,0.021,1.83,106.67
-1.734,-0.102,0.252,1.756,106.74
-0.641,0.074,-0.191,0.673,106.82
-0.189,0.051,-0.242,0.312,106.89
-0.803,-0.043,-0.088,0.809,106.96
-1.721,0.186,-0.174,1.739,107.04
-1.168,0.045,-0.371,1.226,107.11
-0.176,-0.078,-0.297,0.354,107.18
-0.215,-0.055,-0.084,0.237,107.25
-4,0.111,-1.154,4.165,107.33
-2.414,0.381,-0.207,2.453,107.4
-1.689,-0.186,-0.496,1.771,107.47
0.176,0.137,0.049,0.228,107.55
1.367,-0.27,-0.939,1.681,107.62
-0.41,0.268,0.08,0.496,107.69
-0.908,-0.006,0.02,0.908,107.76
-3.385,0.045,-1.168,3.581,107.84
-1.424,-0.068,-0.596,1.545,107.91
-0.273,-0.002,-0.104,0.292,107.98
-0.141,-0.049,-0.041,0.154,108.06
-2.871,0.002,0.168,2.876,108.13
-1.381,0.211,0.025,1.397,108.2
-0.568,-0.053,-0.178,0.598,108.27
-0.293,-0.01,-0.203,0.357,108.35
-0.709,0.09,-0.117,0.724,108.42
-1.969,0.26,-0.293,2.007,108.49
-1.34,0.109,-0.453,1.419,108.57
-0.912,0.004,-0.332,0.971,108.64
-0.381,0.176,-0.373,0.561,108.71
-0.5,-0.072,-0.457,0.681,108.79
-2.365,0.098,-0.42,2.404,108.86
-2.219,0.186,-0.307,2.248,108.93
-1.041,0.178,-0.523,1.179,109
0.453,0.168,-0.193,0.521,109.08
0.604,-0.311,-0.379,0.777,109.15
-0.67,-0.145,0.549,0.878,109.22
-1.443,0.244,-0.633,1.595,109.29
-3.729,0.029,-0.404,3.75,109.37
-1.031,0.154,0.203,1.062,109.44
-0.146,-0.471,-0.135,0.511,109.51
-0.146,0.061,-0.295,0.335,109.59
-2.385,0.555,0.078,2.45,109.66
-1.293,-0.061,-0.143,1.302,109.73
-0.471,0.02,-0.436,0.642,109.8
-0.406,0.326,-0.127,0.536,109.88
-2.58,0.002,0.211,2.589,109.95
-1.195,0.068,-0.033,1.198,110.02
-0.434,0.117,0.018,0.449,110.09
-0.299,-0.191,-0.338,0.49,110.17
-1.795,-0.008,0.084,1.797,110.24
-0.758,0.063,-0.271,0.807,110.31
-1.174,-0.205,-0.066,1.193,110.39
-2.285,0.455,0.199,2.339,110.46
-1.27,-0.143,-0.154,1.287,110.53
-0.227,0.154,-0.068,0.283,110.61
0.424,-0.199,0.064,0.473,110.68
0.172,-0.02,-0.105,0.203,110.75
-2.029,0.318,0.016,2.054,110.82
-2.621,-0.416,-0.154,2.658,110.9
-0.961,0.4,-0.145,1.051,110.97
-0.557,-0.207,0.012,0.594,111.04
-0.18,0.002,0.002,0.18,111.11
-0.551,0.234,-0.158,0.619,111.18
-2.43,-0.105,-0.063,2.433,111.26
-0.861,-0.016,0.037,0.862,111.33
-0.184,0.055,-0.035,0.195,111.41
-0.834,0.059,-0.061,0.838,111.48
-1.959,-0.057,-0.127,1.964,111.55
-1.004,0.021,-0.023,1.004,111.62
-0.123,0.016,-0.346,0.367,111.7
-0.369,0.051,-0.201,0.423,111.77
-1.578,0.012,0.004,1.578,111.84
-2.699,0.166,-0.045,2.705,111.91
-2.109,0.088,-0.506,2.171,111.99
-0.787,0.088,0.143,0.805,112.06
0.967,0.283,-0.189,1.025,112.13
0.268,-0.268,-0.158,0.41,112.2
-0.561,0.178,0.27,0.647,112.28
-2.031,0.209,-0.025,2.042,112.35
-2.281,0.469,-0.285,2.346,112.42
-0.777,-0.148,0.064,0.794,112.49
-0.363,0.004,-0.119,0.382,112.57
-0.357,0.217,-0.059,0.422,112.64
-1.84,0.027,0.105,1.843,112.71
-1.525,-0.061,-0.025,1.527,112.79
-0.68,0.246,-0.121,0.733,112.86
-0.402,0.018,-0.043,0.405,112.93
-1.053,-0.293,-0.08,1.096,113
-1.566,0.166,0.049,1.576,113.08
-0.971,0.098,-0.207,0.997,113.15
-0.219,-0.018,-0.203,0.299,113.22
-0.426,0.027,-0.213,0.477,113.3
-1.471,-0.271,-0.207,1.51,113.37
-3.107,0.162,0.211,3.119,113.44
-2.164,-0.049,-0.221,2.176,113.51
-0.855,0.166,-0.213,0.897,113.59
0.615,0.016,0.109,0.625,113.66
0.494,-0.195,-0.334,0.628,113.73
-0.988,-0.125,0.195,1.015,113.8
-1.559,0.061,-0.189,1.571,113.88
-2.91,0.266,-0.273,2.935,113.95
-0.973,0.057,0.123,0.982,114.02
-0.096,-0.105,-0.041,0.148,114.1
-0.043,0.09,-0.055,0.114,114.17
-3.422,0.398,0.033,3.445,114.24
-1.357,-0.221,-0.225,1.393,114.31
-0.266,0.01,0.059,0.272,114.39
-0.115,-0.023,-0.295,0.318,114.46
-1.562,-0.518,-0.49,1.717,114.53
-0.813,0.021,-0.004,0.813,114.61
-0.609,-0.006,-0.213,0.646,114.68
-1.285,-0.092,0.061,1.29,114.75
-0.578,0.104,-0.066,0.591,114.83
-0.303,0.053,-0.449,0.544,114.9
-2.697,0.031,-0.242,2.708,114.97
-2.109,0.457,-0.207,2.168,115.04
-2.281,0.088,-0.012,2.283,115.12
-0.906,-0.059,0.027,0.909,115.19
1.611,0.227,-0.729,1.783,115.26
0.092,-0.158,-0.139,0.23,115.33
-0.83,0.115,0.307,0.892,115.41
-1.279,0.082,-0.344,1.327,115.48
-2.959,0.125,-0.264,2.973,115.55
-0.809,0.363,-0.094,0.891,115.62
-0.236,-0.266,-0.045,0.358,115.7
-0.174,-0.023,-0.09,0.197,115.77
-2.963,0.172,0.039,2.968,115.84
-1.531,-0.121,0.035,1.536,115.92
-0.563,0.018,-0.209,0.6,115.99
-0.311,-0.033,-0.09,0.325,116.06
-1.064,-0.018,0.037,1.065,116.14
-1.824,-0.012,-0.035,1.825,116.21
-0.982,-0.004,0.035,0.983,116.28
-0.064,0.154,-0.252,0.302,116.36
-0.318,-0.018,-0.314,0.448,116.43
-1.465,0.045,-0.131,1.471,116.5
-2.664,-0.262,-0.057,2.677,116.58
-2.475,0.646,-0.158,2.563,116.65
-1.283,0.072,0.135,1.292,116.72
0.102,-0.205,-0.168,0.284,116.79
1.033,0.029,-0.373,1.099,116.87
-0.354,0.135,-0.029,0.379,116.94
-1.859,-0.004,-0.049,1.86,117.01
-3.234,0.213,0.104,3.243,117.08
-1.152,0.299,0.27,1.221,117.15
-0.133,-0.291,-0.01,0.32,117.23
-0.039,0.078,0.031,0.093,117.3
-2.393,0.426,-0.191,2.438,117.37
-1.666,-0.141,-0.105,1.675,117.45
-0.721,0.084,-0.158,0.743,117.52
-0.463,0.068,-0.063,0.472,117.59
-0.801,-0.078,0.027,0.805,117.67
-1.977,0.193,-0.318,2.011,117.74
-1.166,-0.143,-0.15,1.184,117.81
-0.316,0.037,-0.158,0.356,117.88
-0.262,0.066,-0.029,0.272,117.96
-1.07,-0.059,-0.164,1.084,118.03
-2.881,0.246,0.396,2.918,118.1
-1.48,0.186,-0.211,1.507,118.18
0.365,-0.027,-0.145,0.394,118.25
0.334,-0.277,-0.051,0.437,118.32
-0.73,0.1,-0.027,0.738,118.39
-1.76,0.389,-0.623,1.907,118.47
-1.646,0.051,-0.383,1.691,118.54
-0.539,0.104,0.154,0.57,118.61
-0.061,-0.037,-0.148,0.165,118.69
-0.225,0.035,-0.176,0.287,118.76
-2.062,0.826,-0.404,2.258,118.83
-1.242,-0.15,0.268,1.28,118.9
-0.01,-0.02,-0.043,0.048,118.98
-0.908,0.252,-0.088,0.947,119.05
-1.404,-0.088,-0.145,1.414,119.13
-0.592,-0.072,-0.174,0.621,119.2
-0.262,-0.057,-0.326,0.422,119.27
-1.41,0.174,0.258,1.444,119.34
-1.965,-0.094,-0.186,1.976,119.42
-2.318,0.063,-0.037,2.319,119.49
-1.25,0.227,-0.023,1.271,119.56
0.119,-0.023,0.119,0.17,119.63
0.701,-0.244,-0.395,0.841,119.71
-0.287,0.09,-0.051,0.305,119.78
-2.041,0.414,0.318,2.107,119.85
-3.205,0.158,0.316,3.225,119.93
-1.021,-0.029,0.209,1.043,120
0.197,0.078,-0.156,0.263,120.07
-0.119,0.119,-0.004,0.169,120.14
-3.475,0.33,-0.309,3.504,120.21
-1.76,-0.045,-0.262,1.78,120.29
-0.627,0.113,-0.072,0.641,120.36
-0.225,0.084,-0.17,0.294,120.43
-0.813,-0.107,-0.018,0.82,120.51
-1.602,-0.006,-0.484,1.673,120.58
-0.998,0.137,0.096,1.012,120.65
-0.316,0.02,0.047,0.32,120.73
-0.357,-0.109,-0.141,0.399,120.8
-2.107,0.102,-0.428,2.153,120.87
-1.838,0.115,-0.293,1.865,120.94
-1.061,-0.246,-0.172,1.102,121.02
-0.232,0.248,-0.422,0.542,121.09
-0.217,0.096,-0.092,0.254,121.16
-1.08,-0.008,-0.346,1.134,121.24
-1.164,0.254,-0.398,1.256,121.31
-1.133,0.225,-0.295,1.192,121.38
-0.932,-0.102,-0.543,1.083,121.46
-1.152,-0.072,-0.6,1.301,121.53
-1.068,0.182,-0.457,1.176,121.61
-0.666,0.133,-0.68,0.961,121.68
-0.963,0.035,-0.547,1.108,121.75
-0.934,0.012,-0.609,1.115,121.82
-0.58,0.15,-0.641,0.877,121.89
-0.732,0.076,-0.609,0.956,121.97
-0.906,-0.008,-0.695,1.142,122.04
-0.717,0.031,-0.607,0.94,122.12
-0.686,0.086,-0.633,0.937,122.19
-0.861,0.002,-0.627,1.065,122.26
-0.732,0.086,-0.645,0.979,122.33
-0.734,0.119,-0.605,0.959,122.41
-0.816,0.057,-0.648,1.044,122.48
-0.777,0.059,-0.613,0.992,122.55
-0.771,0.107,-0.615,0.993,122.62
-0.787,0.076,-0.607,0.997,122.7
-0.779,0.074,-0.637,1.009,122.77
-0.801,0.08,-0.617,1.014,122.84
-0.82,0.084,-0.609,1.025,122.92
-0.754,0.092,-0.629,0.986,122.99
-0.783,0.076,-0.621,1.002,123.06
-0.807,0.094,-0.643,1.036,123.13
-0.787,0.082,-0.602,0.994,123.21
-0.789,0.074,-0.625,1.009,123.28
-0.77,0.09,-0.621,0.993,123.35
-0.783,0.088,-0.605,0.994,123.43
-0.787,0.08,-0.635,1.014,123.5
-0.803,0.082,-0.643,1.032,123.57
-0.77,0.078,-0.625,0.994,123.64
-0.775,0.084,-0.621,0.997,123.72
-0.797,0.08,-0.617,1.011,123.79
-0.789,0.082,-0.627,1.011,123.86
-0.771,0.078,-0.643,1.007,123.93
-0.783,0.078,-0.623,1.004,124.01
-0.781,0.092,-0.625,1.005,124.08
-0.801,0.082,-0.613,1.012,124.15
-0.779,0.08,-0.604,0.989,124.23
-0.771,0.08,-0.645,1.008,124.3
-0.779,0.082,-0.627,1.004,124.37
-0.777,0.088,-0.627,1.003,124.44
-0.797,0.086,-0.617,1.012,124.52
-0.764,0.066,-0.645,1.002,124.59
-0.764,0.088,-0.639,0.999,124.66
-0.801,0.078,-0.6,1.003,124.74
-0.777,0.092,-0.617,0.997,124.81
-0.779,0.08,-0.617,0.997,124.88
-0.82,0.088,-0.672,1.064,124.95
-0.775,0.086,-0.619,0.996,125.03
-0.803,0.09,-0.623,1.02,125.1
-0.801,0.072,-0.641,1.028,125.17
-0.775,0.1,-0.617,0.996,125.25
-0.74,0.094,-0.625,0.973,125.32
-0.789,0.002,-0.676,1.039,125.39
-0.746,0.141,-0.697,1.031,125.46
-0.748,0.109,-0.598,0.964,125.54
-0.789,0.035,-0.678,1.041,125.61
